{
    "job_id": 1,
    "seed": 43,
    "fidelity_j1": 0.9939523339271545,
    "fidelity_j2": 0.9941174983978271,
    "fidelity_total": 0.993983805179596,
    "val_loss": 0.0005730546545237303,
    "train_loss": 0.0009380696574226022,
    "epochs_completed": 78
}