{
    "job_id": 9,
    "seed": 51,
    "fidelity_j1": 0.8849124312400818,
    "fidelity_j2": 0.8868101835250854,
    "fidelity_total": 0.8858588933944702,
    "val_loss": 0.0018150033429265022,
    "train_loss": 0.0019884819630533457,
    "epochs_completed": 98
}