{
    "job_id": 2,
    "seed": 44,
    "fidelity_j1": 0.9939687848091125,
    "fidelity_j2": 0.9940257668495178,
    "fidelity_total": 0.9939915537834167,
    "val_loss": 0.0005572407972067595,
    "train_loss": 0.0008794308523647487,
    "epochs_completed": 100
}