{
    "job_id": 6,
    "seed": 48,
    "fidelity_j1": 0.9944510459899902,
    "fidelity_j2": 0.9942163825035095,
    "fidelity_total": 0.994328498840332,
    "val_loss": 0.0005493753706105053,
    "train_loss": 0.0008760849013924599,
    "epochs_completed": 100
}