{
    "job_id": 3,
    "seed": 45,
    "fidelity_j1": 0.9941313862800598,
    "fidelity_j2": 0.9942089915275574,
    "fidelity_total": 0.9941661953926086,
    "val_loss": 0.0005978599074296653,
    "train_loss": 0.0009442178416065872,
    "epochs_completed": 96
}