{
    "job_id": 8,
    "seed": 50,
    "fidelity_j1": 0.8956757187843323,
    "fidelity_j2": 0.8971773386001587,
    "fidelity_total": 0.8963024616241455,
    "val_loss": 0.001825578510761261,
    "train_loss": 0.0019584293477237225,
    "epochs_completed": 100
}