{
    "job_id": 7,
    "seed": 49,
    "fidelity_j1": 0.8905541300773621,
    "fidelity_j2": 0.8926720023155212,
    "fidelity_total": 0.8916072845458984,
    "val_loss": 0.0018603354692459106,
    "train_loss": 0.001998886466026306,
    "epochs_completed": 100
}