{
    "job_id": 10,
    "seed": 52,
    "fidelity_j1": 0.9933182597160339,
    "fidelity_j2": 0.9924502372741699,
    "fidelity_total": 0.9928719401359558,
    "val_loss": 0.0005805549444630742,
    "train_loss": 0.0009308423032052815,
    "epochs_completed": 69
}