{
    "job_id": 9,
    "seed": 51,
    "fidelity_j1": 0.9936205148696899,
    "fidelity_j2": 0.9936379790306091,
    "fidelity_total": 0.9936107397079468,
    "val_loss": 0.000546321040019393,
    "train_loss": 0.0008813496096991003,
    "epochs_completed": 100
}