{
    "job_id": 6,
    "seed": 48,
    "fidelity_j1": 0.8831478953361511,
    "fidelity_j2": 0.8761880993843079,
    "fidelity_total": 0.8796418905258179,
    "val_loss": 0.0018725955160334706,
    "train_loss": 0.001992123667150736,
    "epochs_completed": 100
}