{
    "job_id": 5,
    "seed": 47,
    "fidelity_j1": 0.9946662187576294,
    "fidelity_j2": 0.9946783781051636,
    "fidelity_total": 0.9946401119232178,
    "val_loss": 0.0005354735185392201,
    "train_loss": 0.000894006690941751,
    "epochs_completed": 92
}