{
    "job_id": 4,
    "seed": 46,
    "fidelity_j1": 0.8924376368522644,
    "fidelity_j2": 0.8991367220878601,
    "fidelity_total": 0.8958061933517456,
    "val_loss": 0.001853262772783637,
    "train_loss": 0.0019918428733944893,
    "epochs_completed": 100
}