{
    "job_id": 3,
    "seed": 45,
    "fidelity_j1": 0.8920735716819763,
    "fidelity_j2": 0.8919809460639954,
    "fidelity_total": 0.8920133113861084,
    "val_loss": 0.0018563196063041687,
    "train_loss": 0.001987174851819873,
    "epochs_completed": 100
}