{
    "job_id": 4,
    "seed": 46,
    "fidelity_j1": 0.9918299913406372,
    "fidelity_j2": 0.9912168383598328,
    "fidelity_total": 0.9914743304252625,
    "val_loss": 0.0007507725968025625,
    "train_loss": 0.0009237678605131805,
    "epochs_completed": 48
}