{
    "job_id": 1,
    "seed": 43,
    "fidelity_j1": 0.8933636546134949,
    "fidelity_j2": 0.8955996632575989,
    "fidelity_total": 0.8944501280784607,
    "val_loss": 0.001853439025580883,
    "train_loss": 0.0020059067755937576,
    "epochs_completed": 100
}