{
    "job_id": 7,
    "seed": 49,
    "fidelity_j1": 0.9443050622940063,
    "fidelity_j2": 0.9479182362556458,
    "fidelity_total": 0.9438996911048889,
    "val_loss": 0.0016986276023089886,
    "train_loss": 0.000940599711611867,
    "epochs_completed": 45
}