{
    "job_id": 2,
    "seed": 44,
    "fidelity_j1": 0.8884698748588562,
    "fidelity_j2": 0.8873906135559082,
    "fidelity_total": 0.8879209756851196,
    "val_loss": 0.001870637061074376,
    "train_loss": 0.001986901741474867,
    "epochs_completed": 100
}