{
    "job_id": 10,
    "seed": 52,
    "fidelity_j1": 0.8908298015594482,
    "fidelity_j2": 0.8926827311515808,
    "fidelity_total": 0.8917569518089294,
    "val_loss": 0.0018244559178128839,
    "train_loss": 0.0019823003094643354,
    "epochs_completed": 100
}