{
    "job_id": 5,
    "seed": 47,
    "fidelity_j1": 0.8958285450935364,
    "fidelity_j2": 0.8976872563362122,
    "fidelity_total": 0.8967562317848206,
    "val_loss": 0.0018695510225370526,
    "train_loss": 0.0020027777645736933,
    "epochs_completed": 83
}