{
    "job_id": 8,
    "seed": 50,
    "fidelity_j1": 0.9939166903495789,
    "fidelity_j2": 0.9940963983535767,
    "fidelity_total": 0.9939931631088257,
    "val_loss": 0.0005726319504901767,
    "train_loss": 0.0009267135756090283,
    "epochs_completed": 100
}